title,description,date,order,presenter,editor,url,urlTvNews,containsWordGlobalWarming,media,month,day,label,label_1,label_2,label_3,Commentaires,nb_label,prediction_label,prediction_label_1,prediction_label_2,prediction_label_3
Autoroutes : vers une limitation de vitesse à 110 km/h ?,"Le débat pour les 110 km/h sur les autoroutes est relancé après l'appel de plusieurs personnalités dans une tribune publiée le 30 octobre dans le Journal du dimanche. Elle met en avant l'enjeu du réchauffement climatique, mais aussi le pouvoir d'achat.Le gouvernement envisage de faire passer la vitesse maximale sur l’autoroute de 130 à 110 km/h. L’idée pour limiter la pollution divise. “130, c’est déjà bien. Alors si c’est pour l’écologie pourquoi pas. Mais moi, je ne suis pas pour”, témoigne un automobiliste lundi 31 octobre. “Moi, je suis partante pour ça et je le fais déjà quand c’est moi qui conduis”, s’exclame une femme. Le passage au 110 permettrait aussi de faire 125 euros d'économies de carburant en moyenne sur une année. -20 % de carburant consommé “Rouler à 110 km/h au lieu de 130 km/h, c’est -20 % de carburant consommé, et -20 % sur nos émissions de gaz à effet de serre”, soutient une tribune pour les 110 km/h publiée dans le JDD le 30 octobre. Sur un trajet de 250 kilomètres, le passage aux 110 allongerait le voyage de 21 minutes. Des trajets plus longs découragent peut-être les automobilistes d'emprunter les autoroutes. “On va rapprocher les voitures des centres-villes et donc amener de la pollution dans les centres-villes. (...) Ça paraît être une bonne idée, mais quand on regarde en pratique, ça ne l’est pas forcément”, selon Fabrice Godefroy, expert mobilité et environnement chez 40 millions d'automobilistes. En France, la vitesse moyenne sur l’autoroute serait de 118 km/h.",31/10/2022 01:00,3.0,Julian Bugier,Thomas Horeau,https://www.francetvinfo.fr/meteo/climat/autoroutes-vers-une-limitation-de-vitesse-a-110-km-h_5450491.html,https://www.francetvinfo.fr/replay-jt/france-2/13-heures/jt-de-13h-du-lundi-31-octobre-2022_5412406.html,True,France 2,10.0,31.0,1,gaz_effet_de_serre,engagement_politique_et_entreprises,comportement_consommateur,pollution atmosphérique et pas plastique ; et habitudes de conso comme autre solution,3,"{'Classe_1': 'Elevage et utilisation des terres', 'Classe_2': 'Pêche et chasse intensives', 'Classe_3': 'Pollution plastique'}",Elevage et utilisation des terres,Pêche et chasse intensives,Pollution plastique
Réchauffement climatique : où est passé l'automne ?,"Après un été de la Saint-Martin, que l’on appelle aussi été indien, la nature va continuer de perdre ses feuilles. Mais cette année, elle prend son temps.  Sur le marché de Bergues (Nord) ce lundi matin, à 10h, il fait 14 °C. Le soleil brille. L’automne n’est pas encore arrivé jusqu’ici. \Vu le monde qu’il y avait à la plage hier, les gens qui se baignaient encore, ce n’est pas normal au mois de novembre\"", confie une habitante. C’est en effet troublant de voir les saules pleureurs encore bien verts ou les massifs fleuris. En outre, sur les étals des maraîchers, certains légumes sont encore absents. C’est le cas, par exemple, de l’endive de pleine terre. Il fait trop chaud pour la saison, alors allons voir si la rose est éclose ce matin. Dans le jardin de Guy Boulnois, c’est le cas, et c’est à n’y rien comprendre. \""On constate qu’elle est encore en train de fleurir, de donner de belles couleurs, du bon parfum, et qu’il y a encore des boutons très prometteurs ici et là\"", explique le jardinier. Par ailleurs, il y a les arbres. Le printemps à la place de l’automne les perturbe durablement. Comme Guy l’affirme, \""si l’arbre ne se repose pas, il s’épuise\"". Mais les températures devraient se rafraîchir seulement ce week-end dans la région.""",31/10/2022 13:59,0.0,,,https://www.tf1info.fr/meteo/video-ou-est-passe-l-automne-2237170.html,https://www.tf1info.fr/emission/le-13h-10927/extraits,True,TF1,10.0,31.0,1,perte_biodiversite,rechauffement_climatique_canicule,,parle de l'agriculture mais pas comme une cause,2,"{'Classe_1': 'Gaz à effet de serre', 'Classe_2': 'Feu de forêt', 'Classe_3': 'Pêche et chasse intensives'}",Gaz à effet de serre,Feu de forêt,Pêche et chasse intensives
"Environnement : partout en France, des militants se dressent contre les \grands projets\""""","Dans toute la France, de nombreux projets suscitent de vives oppositions de la part de la population ou de militants écologistes.Dans toute la France, ils se mobilisent pour protéger leurs territoires au nom de la défense de l'environnement. À Pertuis dans le Vaucluse, des militants contestent depuis trois ans l'extension d'une zone industrielle sur des terres agricoles. Ils étaient encore 70 à manifester dans la matinée du mardi 1er novembre. 86 hectares de terres agricoles pourraient devenir une zone industrielle d'ici à 2030. Les opposants dénoncent un conflit d'intérêt. Le maire est également à la tête d'une entreprise impliquée dans le projet. Des militants de tous horizons À Landunvez, dans le Finistère, des manifestants ont protesté durant le mois d'août, contre une mégaporcherie accusée de pollution. Le projet de l'extension de l'élevage ne passe pas. \Des problèmes de l'environnement découlent des problèmes de santé\"", observe une militante. Ils espèrent, en défilant, faire plier la préfecture. Ces contestations locales, de plus en plus nombreuses, sont menées par des militants de divers horizons. \""À la fois des écologistes traditionnels, entre guillemets, (…) mais on a aussi des gens (…) qu'on imagine un peu moins comme des gens engagés sur l'écologie, qui vont venir parce que c'est une altération de leur cadre de vie\"", décrit Loup Espargilière, rédacteur en chef de \""Vert, le Média\"".""",01/11/2022 01:00,6.0,"Sophie Gastrin est disponible en direct et en replay ici. Le 19/20 Edition nationale suit l'édition de votre région, et propose après la présentation des titres, les reportages, les interviews et les témoignages en vidéos qui font le point sur toute l’actualité régionale, d’outre-mer, nationale et internationale. Chaque sujet vidéo du journal est à découvrir seul avec un complément d'information à lire pour resituer le contexte du reportage. Ce JT est consultable ici en direct et en replay durant une année.",,https://www.francetvinfo.fr/replay-jt/france-3/19-20/environnement-partout-en-france-des-militants-se-dressent-contre-les-grands-projets_5452585.html,https://www.francetvinfo.fr/replay-jt/france-3/19-20/jt-de-19-20-du-mardi-1-novembre-2022_5412364.html,False,France 3,11.0,1.0,1,agriculture_et_utilisation_du_sol,activisme_eco,agriculture_et_utilisation_du_sol,,3,"{'Classe_1': 'Pêche et chasse intensives', 'Classe_2': 'Elevage et utilisation des terres', 'Classe_3': ""Couche d'ozone""}",Pêche et chasse intensives,Elevage et utilisation des terres,Couche d'ozone
Climat : les glaciers menacés de disparition,"À quelques jours du lancement de la COP 27, l'UNESCO publie un rapport effrayant sur les conséquences du réchauffement climatique. Il prédit la disparition d'un tiers des glaciers du monde d'ici 2050.Ce sont des lieux magiques qui jonchent les montagnes, pourtant, nombre d’entre eux pourraient disparaître. En effet, selon un rapport de l’Unesco, un tiers des glaciers du patrimoine mondial sont condamnés. Ceux du parc du Yellowstone aux États-Unis, des Dolomites en Italie ou encore des Pyrénées en France pourraient ne plus exister en 2050. Les fameuses neiges du Kilimandjaro sont également menacées. \Ils sont aujourd’hui de trois petites tailles, ils sont en déséquilibre trop fort avec le climat ce qui fait que ces glaciers sont condamnés\"", explique Étienne Berthier, glaciologue au CNRS. Une perte de 58 milliards de tonnes de glace par an Pour mieux comprendre cette disparition progressive, les chercheurs utilisent des images satellites. Cela leur a permis de calculer qu’un glacier en Argentine avait perdu quatre kilomètres en 15 ans. Grâce à ces images, les scientifiques peuvent examiner la fonte des glaces. Cette fonte représente une perte de 58 milliards de tonnes de glace par an, ce qui représente la consommation d’eau annuelle pour la France et l’Espagne. Les habitants qui vivent proches de ces glaciers et qui en dépendent souffrent de ces pertes colossales. Malgré ces constatations, l’Unesco rapporte que si la hausse des températures est régulée à 1,5° d'ici à 2050, la plupart des glaciers devraient être préservés.""",03/11/2022 01:00,10.0,Anne-Sophie Lapix,Elsa Pallot,https://www.francetvinfo.fr/replay-jt/france-2/20-heures/climat-les-glaciers-menaces-de-disparition_5456287.html,https://www.francetvinfo.fr/replay-jt/france-2/20-heures/jt-de-20h-du-jeudi-3-novembre-2022_5416624.html,True,France 2,11.0,3.0,1,hausse_niveau_mer_fonte_glace,engagement_politique_et_entreprises,gaz_effet_de_serre,,3,"{'Classe_1': 'Gaz à effet de serre', 'Classe_2': 'Elevage et utilisation des terres', 'Classe_3': 'Pêche et chasse intensives'}",Gaz à effet de serre,Elevage et utilisation des terres,Pêche et chasse intensives
Quelle alimentation pour demain ?,"Tous les soirs cette semaine, nous vous présentons des solutions concrètes pour lutter contre le réchauffement climatique. Ce jeudi, nous nous intéresserons à l'agriculture. Comment produire mieux ? Que mangerons-nous demain ?  Notre alimentation a un impact sur le réchauffement climatique. L'agriculture, à elle seule par exemple, représente 19% des émissions de gaz à effet de serre, principalement via l'élevage et la culture des sols. Pour limiter ce réchauffement à 2°C de plus d'ici 2100, ce secteur a un rôle-clé à jouer. Et pour y arriver, il existe des solutions. Le premier levier d'action pour les éleveurs est la qualité de la nourriture qu'il donne chaque jour à leurs animaux. Souvent, celle-ci provient d'aliments transformés, broyés ou fermentés. Ici, Guillaume Bénazet. nourrit ses vaches avec de la luzerne qu'il a ramassée et faite sécher lui-même. \C'est plus digeste pour la vache\"", explique-t-il. Qui dit meilleure digestion dit moins de rejet dans l'air de méthane, un gaz particulièrement nocif pour la planète. L'autre enjeu se trouve dans nos champs avec une importante source de pollution pour la planète, les engrais chimiques. La grande majorité des agriculteurs les utilisent notamment pour la culture des céréales. Ce qui aggrave le réchauffement climatique. La principale difficulté commence après la récolte. Pour qu'une nouvelle plante pousse, il lui faut dans le sol de l'azote, qui peut être d'origine naturelle, via la décomposition des végétaux, ou chimique, via les engrais. Ces engrais dégagent du protoxyde d'azote, un gaz nocif pour la planète. Son effet sur le réchauffement climatique est 30 fois supérieur au méthane et 300 fois supérieur au CO2.""",03/11/2022 21:28,0.0,,,https://www.tf1info.fr/nutrition/video-quelle-alimentation-pour-demain-2237568.html,https://www.tf1info.fr/emission/le-20h-11001/extraits,True,TF1,11.0,3.0,1,agriculture_et_utilisation_du_sol,solution_innovante,comportement_consommateur,"pour les solutions, il s'agit d'agriculture, à mi chemin donc entre les engagements des entreprises et les habitudes de consommation. Côté causes, évocation également des gaz à effet de serre",3,"{'Classe_1': 'Elevage et utilisation des terres', 'Classe_2': 'Pêche et chasse intensives', 'Classe_3': 'Pollution plastique'}",Elevage et utilisation des terres,Pêche et chasse intensives,Pollution plastique
"Environnement : les agriculteurs ont-ils changé leurs habitudes en contrepartie des \méga-bassines\"" ?""","Pour lutter contre la sécheresse, les agriculteurs ont demandé depuis plusieurs années la création de réservoirs d'eau artificiels. Un projet violemment contesté la semaine dernière dans les Deux-Sèvres. Pourtant, dans le département voisin de la Vienne, une trentaine de ces bassins ont été validés, pour quelles contreparties ?  Dénoncées par leurs détracteurs comme une aberration écologique à l'heure du réchauffement climatique, les \méga-bassines\"", voulues par les agriculteurs pour faire face aux sécheresses à répétition, cristallisent les tensions autour des usages de l'eau. Violemment contestées dans les Deux-Sèvres, une trentaine d'entre elles, pourraient voir le jour dans le département voisin de la Vienne. Ainsi, à Champagné-Saint-Hilaire, dans un an, peut-être, il y aura à la place d'un champ de céréales une immense réserve d'eau pour aider certains agriculteurs à lutter contre la sécheresse. Olivier Pin, président de l'Association départementale des irrigants de la Vienne, en détaille les contours dans le JT de 13H : \""208.000 m³ d'eau, 6 hectares environ et 250 m²\"", égrène-t-il dans la vidéo en tête de cet article. Ce stockage permettra de venir en aide à quatre exploitations différentes. Une question de survie pour les agriculteurs concernés. \""Il est indispensable que ce projet aboutisse pour notre territoire, sans lequel il y aura grosso modo la moitié des exploitations irrigantes qui vont disparaitre\"", poursuit Olivier Pin. Selon François Dillot, agriculteur et président de la coopérative de l'eau \""Dive-Bouleure Clain Amont\"", \""sans réserve de substitution, ils ne peuvent pas garantir la production agricole au niveau national\"". Cette eau sera prélevée dans les nappes phréatiques ou dans le Clain, un des affluents de la Vienne (Charente), avec des obligations. \""On est limité avec des seuils de prélèvement totalement identifiés. Ça veut dire qu'on ne peut pas prélever plus qu'on nous a autorisés à le faire, cela veut dire aussi qu'il faut que la rivière ait un débit suffisant pour pouvoir commencer de pomper\"", explique Olivier Pin. Ces changements divisent aussi les habitants. \""C'est un moyen de privatiser une ressource en eau\"", s'insurge par exemple l'un d'eux. Une inquiétude légitime alors que le réchauffement climatique fragilise de plus en plus la production de céréales traditionnelle.""",05/11/2022 14:06,0.0,,,https://www.tf1info.fr/societe/les-agriculteurs-ont-ils-change-leurs-habitudes-en-contrepartie-des-mega-bassines-2237707.html,https://www.tf1info.fr/emission/le-we-12559/extraits,True,TF1,11.0,5.0,1,secheresse,eau_potable,engagement_politique_et_entreprises,l'élevage n'est pas la cause ici; confusion sur la perte en eau douce (ici on parle de stocker de l'eau pour l'irrigation),3,"{'Classe_1': ""Couche d'ozone"", 'Classe_2': 'Pêche et chasse intensives', 'Classe_3': 'Tensions alimentaires/famines'}",Couche d'ozone,Pêche et chasse intensives,Tensions alimentaires/famines
COP 27 en Égypte : que peut-on en attendre ?,"À Charm el-Cheikh en Égypte, 200 pays sont attendus pour la COP 27. Beaucoup dénoncent l’impuissance de ces grands sommets pour le climat. La responsabilité des pays riches face aux pays pauvres est notamment à l'ordre du jour.  Encore une nouvelle COP. À quoi servent donc ces réunions pour le climat chaque année ? Souvenez-vous de l’historique COP 21 à Paris. Qu’en est-il sept ans plus tard ? Malgré les engagements, la température mondiale a continué d’augmenter. Partout, dans le monde, les citoyens ont été forcés de constater les dérèglements climatiques, sécheresses record, inondations dévastatrices ou encore incendies interminables. Alors, est-ce que rien n’a changé depuis les accords de Paris ? Non. Prenez la Chine, le pays qui pollue le plus est devenu en quelques années à peine le champion mondial du renouvelable. Depuis la COP 21, l'Union européenne a baissé ses émissions de gaz à effet de serre de 15%. Sa production d’électricité verte a doublé. En Mer du Nord, des fermes éoliennes géantes sont apparues. Aux bords de la Méditerranée, des champs entiers sont désormais recouverts de panneaux photovoltaïques. Les voitures électriques, les circuits courts, la recherchent. Les pays riches sont ceux qui polluent le plus. 63% des émissions de gaz à effet de serre proviennent d'Europe, d'Amérique du Nord ou d'Australie. L'Afrique, elle, n'est responsable que de 3% des émissions mondiales. Pourtant, elle subit la sécheresse et les famines. C'est à cela que doit servir cet COP, en Égypte, sur le continent africain.",07/11/2022 13:30,0.0,,,https://www.tf1info.fr/environnement-ecologie/video-cop-27-des-raisons-d-esperer-2237814.html,https://www.tf1info.fr/emission/le-we-12559/extraits,True,TF1,11.0,7.0,1,gaz_effet_de_serre,engagement_politique_et_entreprises,gaz_effet_de_serre,"beaucoup de causes et solutions données, mais plutôt à titre d'exemple, pas de focus spécifique sur l'une",3,"{'Classe_1': 'Pêche et chasse intensives', 'Classe_2': ' pollution plastique', 'Classe_3': ' pollution des océans et fonte des glaces'}",Pêche et chasse intensives, pollution plastique, pollution des océans et fonte des glaces
Les astuces pour lutter au quotidien contre le gaspillage,"Chaque année en France, dix millions de tonnes de nourriture sont jetées. Nous gaspillons aussi beaucoup d'eau au quotidien. Grâce à quelques astuces, vous allez voir qu'il est très facile de faire des économies.  Chacun d'entre nous jette près de 30 kilos de nourriture à la poubelle chaque année. Imaginez, c'est comme si nous jetions directement aux ordures 432 euros. Pour lutter contre cet immense gaspillage, il existe des applications. Celle-ci, par exemple, indique quel commerçant dans le quartier propose des paniers surprise que le client paie beaucoup moins cher : \ce sont des légumes un peu mûrs, on peut les consommer dans les deux ou trois jours (...) en temps normal, ce panier vaut 15 euros, là c'est 5, donc trois fois moins cher\"", explique un primeur. Que ce soit chez votre épicier, votre boulanger, ou même en grande surface, ces invendus permettent de faire de grosses économies et de sauver des milliers de tonnes de nourriture. Pour ce qui est des paniers de fruits et légumes, il suffit de se laisser inspirer par quelques recettes anti-gaspi très simples. Pour agrémenter notre panier, il suffit d'ouvrir nos placards. Là aussi, nous avons tendance à jeter des produits toujours consommables, malgré une date de péremption dépassée depuis plusieurs mois. \""C'est juste une indication, car ça peut perdre par exemple en texture, mais il n'y aura pas de risque pour la santé. 20% du gaspillage est lié à cette incompréhension des dates de péremption\"", explique une spécialiste du sujet. Un geste à la portée de tous pour lutter contre le changement climatique, car le gaspillage alimentaire représente à lui seul 10% des émissions de CO2.""",09/11/2022 12:41,0.0,,,https://www.tf1info.fr/conso/video-les-astuces-pour-lutter-contre-le-gaspillage-eau-alimentation-au-quotidien-2238069.html,https://www.tf1info.fr/emission/le-20h-11001/extraits,True,TF1,11.0,9.0,1,comportement_consommateur,gaz_effet_de_serre,gaz_effet_de_serre,prisme climat mais pas du tout le cœur de l'article,3,"{'Classe_1': '...', 'Classe_2': '...', 'Classe_3': '...'}",...,...,...
Santé : l’espérance de vie se rallonge pour atteindre les 90 ans,"Une récente enquête a mis en lumière que notre espérance de vie atteint désormais 90 ans pour les hommes et 93 ans pour les femmes en France. Mais ces chiffres ne prennent pas en compte ce que nous ferons de la planète.Une petite fille née cette année sera peut-être centenaire car dans l’avenir, il y en aura de plus en plus. Venue au monde il y a quelques mois, son espérance de vie est de 93 ans et 90 ans pour un petit garçon né en 2022. L’espérance de vie continue d’augmenter de deux à trois mois chaque année grâce aux progrès de la médecine et à une meilleure alimentation. Les femmes vivent toujours plus longtemps que les hommes mais l’écart entre les deux sexes se réduit. Le changement climatique n’est pas pris en compte Une femme née en 1920 pouvait espérer vivre dix ans de plus qu’un homme alors qu’une petite fille née cette année ne vivra en moyenne que trois ans de plus qu’un petit garçon. En cause : le tabagisme féminin. Mais ces données doivent être prises avec prudence car elles ne tiennent pas compte des impacts du réchauffement climatique. \Si on ne parvient pas à s’adapter au changement climatique, là il peut y avoir des effets sur l’espérance de vie\"", affirme Gérard François-Dumont, démographe. Avec les effets du changement climatique, comme la pollution, la mortalité augmentera peut-être de manière imprévue.""",12/11/2022 01:00,8.0,Laurent Delahousse,Elsa Pallot,https://www.francetvinfo.fr/sante/sante-l-esperance-de-vie-se-rallonge-pour-atteindre-les-90-ans_5473275.html,https://www.francetvinfo.fr/replay-jt/france-2/20-heures/jt-de-20h-du-samedi-12-novembre-2022_5440390.html,True,France 2,11.0,12.0,1,consequence_sociale,,,conséquence inclassable: impact sur la santé publique du dérèglement climatique,1,"{'Classe_1': 'Elevage et utilisation des terres', 'Classe_2': 'Feu de forêt', 'Classe_3': 'Pêche et chasse intensives'}",Elevage et utilisation des terres,Feu de forêt,Pêche et chasse intensives
"Environnement : dans le Mont Ventoux, des jeunes enfants replantent des arbres","Pour faire face aux conséquences du réchauffement climatique, Emmanuel Macron veut planter un milliard d'arbres d'ici 2030. Comment sensibiliser les plus jeunes à ces questions ?Pour sauver leur planète, des enfants plantent des arbres. Ce jour-là, c’est cours de travaux pratiques dans la forêt du Mont Ventoux (Vaucluse). Creuser et planter sont un jeu d’enfant pris très au sérieux par les jardiniers en herbe, élèves de l’école maternelle de Bédoin (Vaucluse). \J’ai planté des arbres pour agrandir la forêt\"", affirme un petit garçon. À quatre ans, ils sont déjà sensibilisés à la protection de leur environnement. Un projet estimé à 80 000 euros Sur le géant de Provence, côté versant sud, près de 3 000 arbres vont être planté sur deux ans. Objectif : aider la forêt à se régénérer. \""Face au changement climatique, on a une grosse mortalité sur certaines essences (...) et donc on s’est dit, c’est l’occasion d’essayer de planter une nouvelle essence à savoir le sapin de Céphalonie qui est un sapin méditerranéen\"", précise Vérane Brechu, technicienne forestière. Les habitants de Bédoin ont déjà dû s’unir pour replanter leur forêt. Le projet coûte environ 80 000 euros.""",12/11/2022 01:00,8.0,Catherine Matausch,,https://www.francetvinfo.fr/replay-jt/france-3/12-13/environnement-dans-le-mont-ventoux-des-jeunes-enfants-replantent-des-arbres_5473104.html,https://www.francetvinfo.fr/replay-jt/france-3/12-13/jt-de-12-13-du-samedi-12-novembre-2022_5440399.html,True,France 3,11.0,12.0,1,reforestation,engagement_politique_et_entreprises,, Reforestation,2,"{'Classe_1': 'Taux de croissance et en croissance des étoiles en arborescence naturelle', 'Classe_2': ""Couche d'ozone"", 'Classe_3': 'Pêche et chasse intensives'}",Taux de croissance et en croissance des étoiles en arborescence naturelle,Couche d'ozone,Pêche et chasse intensives
Océan : les coraux en pleine reproduction en Polynésie,"En Polynésie, le mois de novembre est la période où certains coraux pondent. Toutefois, le réchauffement climatique pourrait avoir des effets sur leur reproduction.C’est un spectacle particulier qui se déroule dans les fonds-marins de Polynésie. En effet, l’eau se trouble, cela signifie que les coraux sont en train de se reproduire. Ce phénomène n’arrive pas par hasard puisqu’il se déroule précisément cinq jours après la pleine lune entre 6 heures 15 et 45, d’octobre à avril. Pourtant, en 2022, la reproduction des coraux est moins importante. \Vu que la température de l’eau est encore vachement fraiche, (…) c’est intéressant de voir que ce mois-ci, ça a été une ponte plutôt faible\"", décrypte Vetea Liao, membre de l’association \""Les enfants du lagon\"". Les coraux en danger Vetea Liao n’est pas le seul à s’intéresser aux coraux puisqu’il est accompagné de collégiens qui suivent une formation sur le sujet depuis un an. \""D’année en année, ils sont de plus en plus en danger et les coraux, c’est une maison pour les poissons. Donc si les coraux sont en danger, les poissons sont aussi en danger\"", indique Yann Zumbiehl, un collégien. Après avoir observé ces coraux, des solutions pourraient être trouvées pour les protéger.""",14/11/2022 01:00,9.0,"Carole Gaessler est disponible en direct et en replay ici. Le 19/20 Edition nationale suit l'édition de votre région, et propose après la présentation des titres, les reportages, les interviews et les témoignages en vidéos qui font le point sur toute l’actualité régionale, d’outre-mer, nationale et internationale. Chaque sujet vidéo du journal est à découvrir seul avec un complément d'information à lire pour resituer le contexte du reportage. Ce JT est consultable ici en direct et en replay durant une année.",,https://www.francetvinfo.fr/replay-jt/france-3/19-20/ocean-les-coraux-en-pleine-reproduction-en-polynesie_5477196.html,https://www.francetvinfo.fr/replay-jt/france-3/19-20/jt-de-19-20-du-lundi-14-novembre-2022_5440342.html,True,France 3,11.0,14.0,1,perte_biodiversite,activisme_eco,,,2,"{'Classe_1': 'Pêche et chasse intensives', 'Classe_2': 'Pollution plastique', 'Classe_3': 'Catastrophes naturelles'}",Pêche et chasse intensives,Pollution plastique,Catastrophes naturelles
Environnement : un ancien village minier à la pointe de l’écologie,"Dans l’ancien bassin minier du Nord de la France, certaines anciennes exploitations servent aujourd’hui de laboratoire afin de trouver des solutions écologiques.À Loos-en-Gohelle (Pas-de-Calais), les vestiges du passé sont encore visibles et les anciennes exploitations minières prennent toujours une place importante. Dans le village, l’hiver est attendu avec crainte par les familles. Malgré un prix élevé sur les factures d’électricité, la famille Jacquart a froid. \En résumé c’est ça, on paye mais on a froid\"", regrette Aurélie Jacquart. Bien que la maison de la famille a été rénovée, les murs manquent d’isolation. Une véritable transition écologique Pourtant, dans le village de Loos-en-Gohelle, l’énergie circulait à profusion lorsque les mines étaient toujours en activité. Quand l’extraction du charbon a cessé, l’impact sur la région s’est révélé très important et négatif. Les terrains étaient pollués et le chômage a explosé. Depuis, le maire de la ville s’est donné un nouveau challenge en souhaitant faire de cette ancienne terre minière un village écologique. Ainsi, des panneaux solaires ont été placés sur le toit de l’église et les logements sociaux construits sont ultra-performants d’un point de vue environnementale.""",17/11/2022 01:00,9.0,"Carole Gaessler est disponible en direct et en replay ici. Le 19/20 Edition nationale suit l'édition de votre région, et propose après la présentation des titres, les reportages, les interviews et les témoignages en vidéos qui font le point sur toute l’actualité régionale, d’outre-mer, nationale et internationale. Chaque sujet vidéo du journal est à découvrir seul avec un complément d'information à lire pour resituer le contexte du reportage. Ce JT est consultable ici en direct et en replay durant une année.",,https://www.francetvinfo.fr/monde/environnement/environnement-un-ancien-village-minier-a-la-pointe-de-l-ecologie_5483433.html,https://www.francetvinfo.fr/replay-jt/france-3/19-20/jt-de-19-20-du-jeudi-17-novembre-2022_5444509.html,True,France 3,11.0,17.0,1,solution_innovante,pollution,,"pollution des sols, pas plastique. Energie renouvelable aussi évoquée côté solution",2,"{'Classe_1': 'Elevage et utilisation des terres', 'Classe_2': 'Feu de forêt', 'Classe_3': 'Sécheresse'}",Elevage et utilisation des terres,Feu de forêt,Sécheresse
"Réchauffement climatique : dans le Haut-Rhin, on prépare la forêt de demain","De nombreux conifères vont bientôt repeupler nos forêts, plus résistants face au réchauffement climatique. Mais puisqu'ils ont une espérance de vie bien supérieure à la nôtre, le résultat ne sera visible que dans une ,voire deux générations de forestiers. Les pousses grandissent en pouponnière, à l'abri de la météo et du gibier.  Cet agent de l'ONF est à la recherche d'arbres en fin de vie. Et dans cette forêt de hêtres, son œil aiguisé les repère rapidement. \Avec les fortes chaleurs, il ne supporte pas les écarts de températures, donc, il perd ses feuilles, les branches sèchent. C'est un arbre qui est condamné à mourir\"". Il faut alors opérer les coupes et choisir les bons remplaçants. La forêt de demain naîtra en partie dans ces serres. Dans cette pouponnière, 260 000 plants d'origines très diverses attendent d'aller repeupler nos forêts. La culture se fait en godets plutôt qu'en pleine terre pour un meilleur gain de temps et de productivité. À l'abri des intempéries et du gibier, les pousses grandissent plus vite. Ce sont bien des variétés méditerranéennes que l'on tente désormais d'implanter dans nos contrées. Des essences qui résistent bien à la sécheresse. Ce cèdre venu tout droit du Liban grandit ici depuis un an. Son système racinaire est bien développé, il est prêt pour la pleine terre.""",17/11/2022 18:21,0.0,,,https://www.tf1info.fr/environnement-ecologie/video-dans-le-haut-rhin-les-forestiers-preparent-la-foret-des-futures-generations-2238947.html,https://www.tf1info.fr/emission/le-13h-10927/extraits,True,TF1,11.0,17.0,1,reforestation,reforestation,,,2,"{'Classe_1': 'Pêche et chasse intensives', 'Classe_2': 'pollution plastique', 'Classe_3': ""couche d'ozone""}",Pêche et chasse intensives,pollution plastique,couche d'ozone
"Floride : malgré les ouragans, les habitants veulent rester vivre sur les côtes","La Floride est fréquemment frappée par des ouragans successifs. Les milliers d’habitants ont-ils toujours l’envie de reconstruire et de vivre à nouveau avec ce risque ?La maison de Trip Valigorsky, située sur les côtes de Daytona Beach (Floride, États-Unis) a été ravagée par un ouragan il y a une semaine, associé à un phénomène de grande marée. Cinq personnes ont perdu la vie. La corniche a été comme avalée, laissant des maisons ravagées. La saison des ouragans est pourtant censée être terminée. Cela marque le réchauffement climatique. Les prix de l'immobilier ne baissent pas Un peu plus loin, Nathan Colian est un véritable vétéran des ouragans. Il a notamment subi Katrina en 2005 et pourtant, il n’a pas l’intention de vivre loin de la plage. \Même Katrina ne m’a pas fait changer d’avis. Il faut choisir ses combats. Moi j’adore vivre près de la plage et de l’eau\"", affirme-t-il. Malgré les catastrophes, les prix de l’immobilier ne baissent pas en Floride. Les ouragans coûtent cher à l’état, \""cette année, la facture devrait s’élever bien au-delà des 50 milliards de dollars\"", précise Loïc de la Mornais, envoyé spécial à Daytona Beach.""",18/11/2022 01:00,7.0,Laurent Delahousse,Elsa Pallot,https://www.francetvinfo.fr/monde/environnement/crise-climatique/floride-malgre-les-ouragans-les-habitants-veulent-rester-vivre-sur-les-cotes_5485470.html,https://www.francetvinfo.fr/replay-jt/france-2/20-heures/jt-de-20h-du-vendredi-18-novembre-2022_5446633.html,True,France 2,11.0,18.0,1,catastrophes_naturelles,,,,1,"{'Classe_1': 'Feu de forêt', 'Classe_2': ' polluages', 'Classe_3': 'Sécheresse'}",Feu de forêt, polluages,Sécheresse
Dérèglement climatique : le scénario qui se dessine à l’horizon 2050,"Quelles seraient les conséquences d’une hausse de température d’1,5 °C ? Les explications de Nicolas Chateauneuf, dimanche 20 novembre.Depuis la révolution industrielle, plus de 1 000 milliards de tonnes de dioxyde de carbone ont été ajoutées dans l’atmosphère par l’humanité. \Cela est dû au pétrole, au charbon et le gaz que nous avons brûlé\"", explique Nicolas Chateauneuf. 1 000 milliards de tonnes, c’est aussi la masse de toutes les constructions humaines sur la planète, comme les immeubles, les routes, les voitures. Conséquence : la planète est plus chaude de 1,2 °C. 50 °C en France À ce jour, il y a encore l’espoir de limiter le réchauffement à 2 °C. Mais avec un monde qui sera alors différent : les vagues de chaleur seront encore plus intenses et leur fréquence doublera dans les 30 prochaines années. En France, le cap des 50 °C pourra être atteint dans de nombreux départements. Dans un monde à 2 °C de plus, le niveau de la mer pourrait augmenter de 50 cm à la fin du siècle. Dans 2 000 ans, il faudra ajouter de 3 à 6 mètres de pluie.""",20/11/2022 01:00,2.0,Laurent Delahousse,Elsa Pallot,https://www.francetvinfo.fr/replay-jt/france-2/20-heures/dereglement-climatique-le-scenario-qui-se-dessine-a-l-horizon-2050_5488977.html,https://www.francetvinfo.fr/replay-jt/france-2/20-heures/jt-de-20h-du-dimanche-20-novembre-2022_5451631.html,True,France 2,11.0,20.0,1,rechauffement_climatique_canicule,gaz_effet_de_serre,gaz_effet_de_serre,,3,"{'Classe_1': 'Elevage et utilisation des terres', 'Classe_2': 'Pollution plastique', 'Classe_3': 'Feu de forêt'}",Elevage et utilisation des terres,Pollution plastique,Feu de forêt
Sécheresse : les fortes chaleurs accentuent les fissures sur les maisons,"Quatre millions de maisons individuelles sont concernées par des problèmes de fissures. La sécheresse de l'été 2022 a empiré la situation.Depuis 2018, Jacky Rousse compte des dizaines de fissures visibles à l'œil nu, sur les murs de sa maison située à Crégy-les-Meaux (Seine-et-Marne). Les sécheresses successives ont empiré la situation. \Ce qui est un peu plus inquiétant, à un moment donné, c'est quand on passe les doigts à l'intérieur\"", confie ce dernier. Difficile d'être reconnu victime de catastrophe naturelle 200 maisons seraient touchées, dans cette commune de 5 000 habitants. La raison ? Elles sont construites sur un sol argileux, très sensible au dérèglement climatique. Il peut s'effondrer s'il manque d'eau. Problème, être reconnu victime d'une catastrophe naturelle s'avère être un parcours de combattant. Après trois ans, Jacky Rousse a finalement réussi à obtenir le statut. Son assurance prendra en charge les travaux, ce qui n'est pas le cas de certains de ses voisins.""",21/11/2022 01:00,6.0,"Carole Gaessler est disponible en direct et en replay ici. Le 19/20 Edition nationale suit l'édition de votre région, et propose après la présentation des titres, les reportages, les interviews et les témoignages en vidéos qui font le point sur toute l’actualité régionale, d’outre-mer, nationale et internationale. Chaque sujet vidéo du journal est à découvrir seul avec un complément d'information à lire pour resituer le contexte du reportage. Ce JT est consultable ici en direct et en replay durant une année.",,https://www.francetvinfo.fr/replay-jt/france-3/19-20/secheresse-les-fortes-chaleurs-accentuent-les-fissures-sur-les-maisons_5491698.html,https://www.francetvinfo.fr/replay-jt/france-3/19-20/jt-de-19-20-du-lundi-21-novembre-2022_5451652.html,True,France 3,11.0,21.0,1,secheresse,catastrophes_naturelles,gaz_effet_de_serre,,3,"{'Classe_1': 'Elevage et utilisation des terres', 'Classe_2': 'Pêche et chasse intensives', 'Classe_3': 'Pollution plastique'}",Elevage et utilisation des terres,Pêche et chasse intensives,Pollution plastique
Animaux : des pingouins et un morse sur les côtes françaises,"Depuis quelques jours, des mammifères marins pas habitués des côtes françaises sont apparus dans les ports ou sur les plages de l’Hexagone. Un phénomène qui pourrait être une conséquence du dérèglement climatique.Il n’en revient pas ! Un moniteur de plongée, observe depuis quelques jours un pingouin torda dans le port de Nice (Alpes-Maritimes), alors qu’il n’en avait jamais vu dans ces eaux. \Ça fait trois jours qu’il est là et il chasse beaucoup, il mange beaucoup\"", décrit-il. Oiseau migrateur protégé, il peut venir au large, mais se rapproche rarement des côtes françaises. Les signalements se multiplient en Côte-d’Azur. Un morse à Dieppe Pour l’instant, il n’y a pas d’explication, juste des hypothèses. \""Ce sont des individus qui étaient affaiblis, fatigués et qui se sont échoués sur les plages. La raison de cet épuisement peut être dû à des mauvaises conditions climatiques en haute mer\"", Renaud Vauchot, soigneur spécialiste des oiseaux. Autre événement rare : un morse s'est visiblement perdu dans le port de Dieppe (Seine-Maritime), avant de repartir le lendemain matin. Ces espèces vivent normalement dans l’Arctique ou sur la banquise. Les spécialistes rappellent le caractère fragile et sauvage de ces animaux, et qu’il est déconseillé de les nourrir.""",22/11/2022 01:00,8.0,Julian Bugier,Thomas Horeau,https://www.francetvinfo.fr/replay-jt/france-2/13-heures/animaux-des-pingouins-et-un-morse-sur-les-cotes-francaises_5493597.html,https://www.francetvinfo.fr/replay-jt/france-2/13-heures/jt-de-13h-du-mardi-22-novembre-2022_5453278.html,True,France 2,11.0,22.0,1,perte_biodiversite,,gaz_effet_de_serre,,2,"{'Classe_1': ' pollution plastique', 'Classe_2': ' pollution plastique', 'Classe_3': ' pollution plastique'}", pollution plastique, pollution plastique, pollution plastique
Noël et fêtes de fin d'année : le marché de Strasbourg à l’heure de la sobriété,"C'est soir de fête à Strasbourg, vendredi 25 novembre, avec l’inauguration du fameux marché de Noël. Le rendez-vous incontournable fait face à un challenge : comment allier la tradition avec la transition écologique et les circuits courts ?L’immense sapin de Strasbourg (Bas-Rhin) se pare de couleurs, vendredi 25 novembre. Les sept kilomètres de guirlandes éclatantes donnent le coup d’envoi du marché de Noël. Sa magie éblouit à nouveau, même si l’heure est aux économies d’énergie. La municipalité a dû s’adapter à la sobriété. \Depuis cette année, on a imposé pour des raisons climatiques, mais aussi économiques, le fait que l’ensemble de l’éclairage des chalets soit en LED\"", explique Guillaume Libsig, adjoint à la mairie de Strasbourg (EELV) en charge de la vie associative et des animations. Des mesures écologiques Les ampoules sont dix fois mois énergivores, le sapin sera éteint à 1 heure du matin et les chauffages d’appoint sont interdits dans les chalets. La plupart des illuminations restent en place. \""Même avec un petit peu d’éclairage, cela fait tout de suite son effet\"", estime une passante. Si l'an dernier le Covid-19 a fait baisser la fréquentation de 25 %, les commerçants espèrent le retour des touristes cette année.""",25/11/2022 01:00,10.0,Laurent Delahousse,Elsa Pallot,https://www.francetvinfo.fr/culture/noel-fetes-de-fin-annees/noel-et-fetes-de-fin-d-annee-le-marche-de-strasbourg-a-l-heure-de-la-sobriete_5502030.html,https://www.francetvinfo.fr/replay-jt/france-2/20-heures/jt-de-20h-du-vendredi-25-novembre-2022_5459281.html,True,France 2,11.0,25.0,1,engagement_politique_et_entreprises,engagement_politique_et_entreprises,,,2,"{'Classe_1': 'Pêche et chasse intensives', 'Classe_2': 'Pollution plastique', 'Classe_3': 'Sécheresse'}",Pêche et chasse intensives,Pollution plastique,Sécheresse
"L'Éco-Score, le Nutri-Score des vêtements pour mesurer leur impact environnemental","Un nouveau label fait peu à peu son apparition sur les vêtements : l'Éco-Score. À l'instar du Nutri-Score, qui permet de connaître les qualités nutritionnelles des aliments, il permet de mesurer l'impact environnemental des produits vendus. Le gouvernement espère généraliser ce label d’ici fin 2023.  Une jupe classée A, un manteau estampillé C ou bien E… et si nos vêtements étaient notés en fonction de leur impact écologique ? Après le Nutri-Score pour les aliments, l’Éco-Score fait peu à peu son apparition sur les étiquettes des vêtements et est expérimenté par une dizaine d’enseignes dans l’Hexagone. \C’est un label qui va de A à E et qui juge l’impact environnemental du produit, de sa production, matière première, jusqu’à son transport\"", explique Éric Venel, directeur retail d'Okaïdi, marque spécialisée dans l’habillement pour enfants, où est également testé ce label. \""Les notes ne sont pas visibles sur nos étiquettes, mais par contre sur le site, vous avez un petit label.\"" Un label utile alors que l'industrie textile est le troisième secteur le plus consommateur d'eau dans le monde et représente 10% des émissions de gaz à effet de serre mondiaux. En moyenne, les études montrent que 85 kilogrammes de CO2 sont rejetés dans l'atmosphère pour produire un seul manteau, soit l’équivalent d’un trajet de 400 kilomètres en voiture. Pour un pull en laine, c’est 240 kilomètres, et 105 kilomètres pour un simple jean.""",25/11/2022 13:00,0.0,,,https://www.tf1info.fr/conso/video-tf1-pollution-l-eco-score-le-nutri-score-des-vetements-qui-permet-de-mesurer-leur-impact-environnemental-du-textile-2239738.html,https://www.tf1info.fr/emission/le-20h-11001/extraits,True,TF1,11.0,25.0,1,engagement_politique_et_entreprises,gaz_effet_de_serre,gaz_effet_de_serre,,3,"{'Classe_1': 'Elevage et utilisation des terres', 'Classe_2': 'Pêche et chasse intensives', 'Classe_3': ""Couche d'ozone""}",Elevage et utilisation des terres,Pêche et chasse intensives,Couche d'ozone
"Sécheresse : dans les Alpes-Maritimes, la récolte des citrons inquiète","Après deux étés secs, la récolte des citrons est mauvaise à Menton, dans les Alpes-Maritimes. Avec des fruits plus petits, les producteurs ne peuvent plus bénéficier de l'indication géographique protégée (IGP).À Menton (Alpes-Maritimes), les producteurs de citrons sont inquiets, lundi 28 novembre. En effet, pour recevoir l'IGP, l'indication géographique protégée, les citrons doivent avoir un diamètre de 55 mm au minimum. Or, sans cette IGP, impossible de vendre les citrons à certaines filières comme la pâtisserie, la restauration ou les fabricants de confitures et de biscuits. En temps normal, 10% des fruits ne sont pas certifiés. Ce nombre pourrait grimper à 30%. Demander une norme d'IGP avec un diamètre plus petit Après deux années consécutives de sécheresse, les gabarits des citrons sont plus petits. \La vie d'un arbre, ce n'est pas une saison, ce sont deux, trois saisons (…) s'il n'y a pas assez d'eau, le fruit souffre\"", constate Antoine Mari, producteur de citrons, qui renonce à planter d'autres arbres. Face au changement climatique, les producteurs habilités \""citron de Menton\"" réfléchissent à faire réviser la norme de diamètre minimal pour qu'il passe à 45 mm.""",28/11/2022 01:00,11.0,"Carole Gaessler est disponible en direct et en replay ici. Le 19/20 Edition nationale suit l'édition de votre région, et propose après la présentation des titres, les reportages, les interviews et les témoignages en vidéos qui font le point sur toute l’actualité régionale, d’outre-mer, nationale et internationale. Chaque sujet vidéo du journal est à découvrir seul avec un complément d'information à lire pour resituer le contexte du reportage. Ce JT est consultable ici en direct et en replay durant une année.",,https://www.francetvinfo.fr/meteo/secheresse/secheresse-dans-les-alpes-maritimes-la-recolte-des-citrons-inquiete_5508981.html,https://www.francetvinfo.fr/replay-jt/france-3/19-20/jt-de-19-20-du-lundi-28-novembre-2022_5468421.html,True,France 3,11.0,28.0,1,engagement_politique_et_entreprises,secheresse,perte_biodiversite,,3,"{'Classe_1': 'Feu de forêt', 'Classe_2': 'Sécheresse', 'Classe_3': 'Catastrophes naturelles'}",Feu de forêt,Sécheresse,Catastrophes naturelles
Logement : vers une réglementation énergétique des cabanes ?,"Pour faire face aux effets du réchauffement climatique, l’État souhaite améliorer l’isolation de toutes les habitations, et les cabanes perchées dans les arbres ne dérogent pas à la règle.Les cabanes perchées dans les arbres, souvent prisées pour le côté aventure qu’elles apportent au séjour, sont-elles en péril ? Dès l’année 2023, tous les logements neufs devront répondre à des normes énergétiques bien précises. Cette nouvelle réglementation inquiète les entrepreneurs qui risquent d’y être soumis. \Tripler les murs pour satisfaire à cette norme (…) c’est un non-sens écologique\"", déplore Philippe Bossanne, PDG des campings Huttopia. Un bilan carbone toujours aussi lourd ? Pour les professionnels, ces nouvelles normes ne viendraient pas réduire le bilan carbone puisqu’elles seraient compensées par des coûts de transport ou de fabrication beaucoup plus élevés. Toutefois, le ministère du Logement a spécifié que des précisions devraient encore être apportées. En attendant, des aménagements, comme l’isolation, sont installés dans les cabanes.""",30/11/2022 01:00,10.0,Anne-Sophie Lapix,Elsa Pallot,https://www.francetvinfo.fr/economie/immobilier/logement-vers-une-reglementation-energetique-des-cabanes_5513757.html,https://www.francetvinfo.fr/replay-jt/france-2/20-heures/jt-de-20h-du-mercredi-30-novembre-2022_5468469.html,True,France 2,11.0,30.0,1,engagement_politique_et_entreprises,engagement_politique_et_entreprises,,,2,"{'Classe_1': 'Pêche et chasse intensives', 'Classe_2': 'Catastrophes naturelles', 'Classe_3': 'pollution plastique'}",Pêche et chasse intensives,Catastrophes naturelles,pollution plastique
"Crise énergétique : des \bonus sobriété\"" pour les consommateurs économes""","Certains fournisseurs d'énergie proposent des récompenses à leurs clients qui baissent leur consommation d'énergie.Baisser son chauffage de quelques degrés, ou débrancher ses appareils en ville. Dans son appartement, Marion Deridder-Blondel fait la chasse aux économies. \Plutôt que de cuisiner plusieurs fois par semaine, je cuisine le dimanche en fin d'après-midi, ce qui me permet par exemple de n'utiliser le four qu'une seule fois dans la semaine\"", confie-t-elle. Un bonus en fin de mois Ces efforts lui rapportent désormais de l'argent. À la fin du mois, son fournisseur d'électricité lui versera un bonus pour la récompenser : 138 euros de moins sur sa facture annuelle. Cet hiver, de plus en plus de fournisseurs proposent une ristourne à leurs clients pour moins consommer. Selon l'agence de la transition écologique, suivre sa consommation incite à réduire de plus de 7?% ses dépenses en énergie.""",05/12/2022 01:00,4.0,"David Boéri est disponible en direct et en replay ici. Le 19/20 Edition nationale suit l'édition de votre région, et propose après la présentation des titres, les reportages, les interviews et les témoignages en vidéos qui font le point sur toute l’actualité régionale, d’outre-mer, nationale et internationale. Chaque sujet vidéo du journal est à découvrir seul avec un complément d'information à lire pour resituer le contexte du reportage. Ce JT est consultable ici en direct et en replay durant une année.",,https://www.francetvinfo.fr/economie/energie/plan-de-sobriete/crise-energetique-des-bonus-sobriete-pour-les-consommateurs-economes_5525535.html,https://www.francetvinfo.fr/replay-jt/france-3/19-20/jt-de-19-20-du-lundi-5-decembre-2022_5479899.html,True,France 3,12.0,5.0,1,comportement_consommateur,comportement_consommateur,,,2,"{'Classe_1': 'Elevage et utilisation des terres', 'Classe_2': 'Tensions alimentaires/famines', 'Classe_3': ""Couche d'ozone""}",Elevage et utilisation des terres,Tensions alimentaires/famines,Couche d'ozone
Portugal : des inondations spectaculaires surprennent à Lisbonne,"Dans la nuit du mercredi 7 décembre, un déluge s'est abattu sur Lisbonne et sa région, au Portugal. Une femme est morte lors de ces inondations soudaines.Mercredi 7 décembre au soir, l'eau a dévalé dans les rues de Lisbonne (Portugal). Le flot était si rapide que les voitures ne pouvaient pas circuler, alors qu'un homme observe, impuissant, sa moto emportée par l'eau. L'équivalent de trois semaines de pluie s'est abattu sur Lisbonne et sa région en quelques heures. Plusieurs automobilistes ont failli rester bloqués dans leur voiture. Au moins une femme décédée \Un agent de police et une autre personne nous ont aidés, parce que la pression de l'eau était tellement forte qu'on n'arrivait pas à ouvrir la porte de l'intérieur\"", témoigne un homme. Les souterrains du métro et de l'aéroport ont été inondés en quelques minutes. Au moins une femme a perdu la vie dans ces inondations. Elle n'a pas survécu à la montée de l'eau dans son appartement, situé en sous-sol. Selon les autorités portugaises, cette nuit montre le \""danger du changement climatique\"". L'alerte rouge est maintenue jusqu'au vendredi 9 décembre.""",08/12/2022 01:00,7.0,Emilie Tran NGuyen,,https://www.francetvinfo.fr/meteo/climat/portugal-des-inondations-spectaculaires-surprennent-a-lisbonne_5532369.html,https://www.francetvinfo.fr/replay-jt/france-3/12-13/jt-de-12-13-du-jeudi-8-decembre-2022_5484270.html,True,France 3,12.0,8.0,1,catastrophes_naturelles,,,,1,"{'Classe_1': 'Elevage et utilisation des terres', 'Classe_2': 'Pêche et chasse intensives', 'Classe_3': 'Sécheresse'}",Elevage et utilisation des terres,Pêche et chasse intensives,Sécheresse
Lisbonne : trois semaines de pluie en une heure se sont abattues sur la ville et sa région,"À Lisbonne au Portugal, des inondations très impressionnantes ont fait un mort et de gros dégâts. Des pluies diluviennes se sont abattues sur la ville, il est tombé l'équivalent de trois semaines de pluie en seulement une heure.L'eau dévale à une telle vitesse, avec une telle force, que circuler devient impossible. Un homme court derrière sa moto, mais le flot est plus rapide. Un déluge s'est abattu dans la nuit du mercredi 7 au jeudi 9 décembre sur Lisbonne et sa région. L'équivalent de trois semaines de pluie en quelques heures. Plusieurs automobilistes ont failli rester piégés dans leur véhicule. Les souterrains du métro et de l'aéroport sont aussi inondés, en quelques minutes, transformés en piscine, comme le décrit un vidéaste amateur. Dangers du changement climatique L'eau s'infiltre même dans les supermarchés. Mais c'est dans les rues que la situation est la plus critique. Un homme tente de s'accroche à un échafaudage, en vain. Une femme, au moins, a perdu la vie. Elle habitait dans un appartement au sous-sol, quand l'eau est montée, elle n'a pas réussi à s'échapper. Les pompiers multiplient les interventions, pour essayer d'écarter tout danger. Selon les autorités portugaises, cette nuit sous l'eau montre le défi et les dangers du changement climatique. L'alerte rouge est maintenue jusqu'à vendredi.",08/12/2022 01:00,5.0,Julian Bugier,Thomas Horeau,https://www.francetvinfo.fr/meteo/climat/lisbonne-trois-semaines-de-pluie-en-une-heure-se-sont-abattues-sur-la-ville-et-sa-region_5532249.html,https://www.francetvinfo.fr/replay-jt/france-2/13-heures/jt-de-13h-du-jeudi-8-decembre-2022_5484288.html,True,France 2,12.0,8.0,1,catastrophes_naturelles,,,,1,"{'Classe_1': 'Pêche et chasse intensives', 'Classe_2': ""Couche d'ozone"", 'Classe_3': 'Surconsommation'}",Pêche et chasse intensives,Couche d'ozone,Surconsommation
Immobilier : les constructions en bois de plus en plus plébiscitées pour les équipements collectifs,"Les bâtiments construits en bois sont-ils des bâtiments plus verts ? En plus d'émettre moins de gaz à effet de serre, le matériau peut également être fourni par des entreprises locales. Reportage à Amiens.Après les maisons et les immeubles, le bois conquiert tous les équipements collectifs. Amiens (Somme) se lance à son tour, avec une médiathèque en bois, chanvre, et ouate de cellulose. Le chantier n'a pas coûté plus cher qu'une construction traditionnelle. \On s'est rendu compte qu'en devenant prédominant, [le béton] a empêché à d'autres filières de naître, donc il n'y a pas eu de biodiversité dans la construction\"", explique Antoine Béal, architecte. Moins de gaz à effet de serre Le bois émet beaucoup moins de gaz à effet de serre, un argument majeur pour la métropole d'Amiens. Sur les 13 entreprises qui travaillent sur le chantier, neuf sont de la région. Cyril Tailly, menuisier, a fabriqué les portes et fenêtres de la médiathèque à seulement quelques kilomètres d'Amiens. Le circuit court est un autre atout dans la transition écologique.""",12/12/2022 01:00,6.0,Anne-Sophie Lapix,Elsa Pallot,https://www.francetvinfo.fr/monde/environnement/immobilier-les-constructions-en-bois-de-plus-en-plus-plebiscitees-pour-les-equipements-collectifs_5540688.html,https://www.francetvinfo.fr/replay-jt/france-2/20-heures/jt-de-20h-du-lundi-12-decembre-2022_5495046.html,True,France 2,12.0,12.0,1,solution_innovante,gaz_effet_de_serre,gaz_effet_de_serre,,3,"{'Classe_1': 'Elevage et utilisation des terres', 'Classe_2': 'Pêche et chasse intensives', 'Classe_3': 'Pollution plastique'}",Elevage et utilisation des terres,Pêche et chasse intensives,Pollution plastique
